{
  "name": "immortal_sniper1_PY_pack4",
  "title": "Py what have i become? pack",
  "version": "0.0.0",
  "factorio_version":"0.18",
  "author": "immortal_sniper1",
  "dependencies": ["base >= 0.18.0","?electric_water_boiler","?Bottleneck","?FNEI",  "?helmod","pyalienlife", "pyalienlifegraphics", "pyalienlifegraphics2", "pyalienlifegraphics3", "pycoalprocessing", "pycoalprocessinggraphics", "pyfusionenergy", "pyfusionenergygraphics", "pyhightech", "pyhightechgraphics", "pyindustry", "pypetroleumhandling", "pypetroleumhandlinggraphics", "pyrawores", "pyraworesgraphics","stdlib"], 
  "contact": "https://github.com/immortal-sniper1/mod_packs/issues",
  "homepage": "N/A",
  "description": "A pack that contains Py mods for beginners or those that want a mod pack that will fill their time siting in a bunker during  WW3 ."
}
