{
  "name": "immortal_sniper1_PY_pack1",
  "title": "Py easy pack",
  "version": "0.0.0",
  "factorio_version":"0.18",
  "author": "immortal_sniper1",
  "dependencies": ["base >= 0.18.0","?electric_water_boiler","?Bottleneck","?FNEI",  "?helmod", "pycoalprocessing", "pycoalprocessinggraphics", "pyfusionenergy", "pyfusionenergygraphics",  "pyindustry", "Squeak Through", "stdlib"],
  "contact": "https://github.com/immortal-sniper1/mod_packs/issues",
  "homepage": "N/A",
  "description": "A pack that contains Py mods for beginners or those that want a easyer chalendge."
}
